start_date,end_date,event_name,shrine,event_type,major_event,importance,calendar_label,source,scope
2026-01-04,2026-01-08,Sri Andal Neeratotsavam Begins,Tirumala Temple,Neeratotsavam,0,2,Sri Andal Neeratotsavam Begins,Official TTD Divya Utsavam Calendar 2026-2027 (exported 14/08/2026),Tirumala Sri Venkateswara Swamy Temple
2026-01-14,2026-01-15,Makara Sankranti & Sri Goda Parinayotsavam,Tirumala Sri Venkateswara Swamy Temple,Sankranti,1,4,Makara Sankranti & Sri Goda Parinayotsavam,Official TTD Divya Utsavam Calendar 2026-2027 (exported 14/08/2026),Tirumala Sri Venkateswara Swamy Temple
2026-01-25,2026-01-25,Rathasaptami (Surya Jayanti - Mini Brahmotsavam in Tirumala),Tirumala Sri Venkateswara Swamy Temple,Rathasaptami,1,4,Rathasaptami (Surya Jayanti - Mini Brahmotsavam in Tirumala),Official TTD Divya Utsavam Calendar 2026-2027 (exported 14/08/2026),Tirumala Sri Venkateswara Swamy Temple
2026-03-19,2026-03-19,Sri Parabhavanama Samvatsara Ugadi & Srivari Asthanam,Tirumala Sri Venkateswara Swamy Temple,Ugadi,1,4,Sri Parabhavanama Samvatsara Ugadi & Srivari Asthanam,Official TTD Divya Utsavam Calendar 2026-2027 (exported 14/08/2026),Tirumala Sri Venkateswara Swamy Temple
2026-03-23,2026-03-24,Sri Rama Navami Srivari Asthanam & Sita Rama Kalyanotsavam,Tirumala Sri Venkateswara Swamy Temple,Rama Navami,1,3,Sri Rama Navami Srivari Asthanam & Sita Rama Kalyanotsavam,Official TTD Divya Utsavam Calendar 2026-2027 (exported 14/08/2026),Tirumala Sri Venkateswara Swamy Temple
2026-04-01,2026-04-03,Tirumala Srivari Vasanthotsavam (3-Day Annual Spring Festival),Tirumala Sri Venkateswara Swamy Temple,Vasanthotsavam,0,2,Tirumala Srivari Vasanthotsavam (3-Day Annual Spring Festival),Official TTD Divya Utsavam Calendar 2026-2027 (exported 14/08/2026),Tirumala Sri Venkateswara Swamy Temple
2026-05-09,2026-05-11,Tirumala Sri Padmavathi Srinivasa Parinayotsavam (3-Day Celestial Marriage),Tirumala Sri Venkateswara Swamy Temple,Parinayotsavam,1,3,Tirumala Sri Padmavathi Srinivasa Parinayotsavam (3-Day Celestial Marriage),Official TTD Divya Utsavam Calendar 2026-2027 (exported 14/08/2026),Tirumala Sri Venkateswara Swamy Temple
2026-05-18,2026-05-22,Sri Tallapaka Annamacharya 618th Jayanthi Utsavam & Sankeertana Aradhana,Tirumala Temple,Annamacharya Utsavam,0,2,Sri Tallapaka Annamacharya 618th Jayanthi Utsavam & Sankeertana Aradhana,Official TTD Divya Utsavam Calendar 2026-2027 (exported 14/08/2026),Tirumala Sri Venkateswara Swamy Temple
2026-07-17,2026-07-17,Tirumala Srivari Anivara Asthanam & Pushpa Pallaki Seva,Tirumala Sri Venkateswara Swamy Temple,Anivara Asthanam,0,2,Tirumala Srivari Anivara Asthanam & Pushpa Pallaki Seva,Official TTD Divya Utsavam Calendar 2026-2027 (exported 14/08/2026),Tirumala Sri Venkateswara Swamy Temple
2026-08-14,2026-08-14,Sri Venkateswara Ceremonial Procession to Purisaivari Thota,Tirumala Sri Venkateswara Swamy Temple,Procession,1,3,Sri Venkateswara Ceremonial Procession to Purisaivari Thota,Official TTD Divya Utsavam Calendar 2026-2027 (exported 14/08/2026),Tirumala Sri Venkateswara Swamy Temple
2026-08-16,2026-08-16,Naga Chaturthi & Sage Kashyapa Maharshi Varsha Thirunakshatram,Tirumala Sri Venkateswara Swamy Temple,Naga Chaturthi,0,2,Naga Chaturthi & Sage Kashyapa Maharshi Varsha Thirunakshatram,Official TTD Divya Utsavam Calendar 2026-2027 (exported 14/08/2026),Tirumala Sri Venkateswara Swamy Temple
2026-08-17,2026-08-17,Sravana Masa Garuda Panchami Srivari Garuda Seva,Tirumala Sri Venkateswara Swamy Temple,Garuda Seva,1,5,Garuda Seva,Official TTD Divya Utsavam Calendar 2026-2027 (exported 14/08/2026),Tirumala Sri Venkateswara Swamy Temple
2026-08-22,2026-08-25,Srivari Pavithrotsavams - Ankurarpanam,Tirumala Sri Venkateswara Swamy Temple,Pavitrotsavam,1,4,Srivari Pavithrotsavams - Ankurarpanam,Official TTD Divya Utsavam Calendar 2026-2027 (exported 14/08/2026),Tirumala Sri Venkateswara Swamy Temple
2026-08-22,2026-08-22,Ankurarpanam for Annual Srivari Pavitrotsavams,Tirumala Sri Venkateswara Swamy Temple,Pavitrotsavam,1,4,Ankurarpanam for Annual Srivari Pavitrotsavams,Official TTD Divya Utsavam Calendar 2026-2027 (exported 14/08/2026),Tirumala Sri Venkateswara Swamy Temple
2026-08-23,2026-08-23,Srivari Pavithrotsavams - Pavithra Prathishta,Tirumala Sri Venkateswara Swamy Temple,Pavitrotsavam,1,4,Srivari Pavithrotsavams - Pavithra Prathishta,Official TTD Divya Utsavam Calendar 2026-2027 (exported 14/08/2026),Tirumala Sri Venkateswara Swamy Temple
2026-08-24,2026-08-24,Srivari Pavithrotsavams - Pavithra Samarpana,Tirumala Sri Venkateswara Swamy Temple,Pavitrotsavam,1,4,Srivari Pavithrotsavams - Pavithra Samarpana,Official TTD Divya Utsavam Calendar 2026-2027 (exported 14/08/2026),Tirumala Sri Venkateswara Swamy Temple
2026-08-25,2026-08-25,Srivari Pavithrotsavams - Poornahuthi (Conclusion),Tirumala Sri Venkateswara Swamy Temple,Pavitrotsavam,1,5,Pavitrotsavam • Poornahuthi,Official TTD Divya Utsavam Calendar 2026-2027 (exported 14/08/2026),Tirumala Sri Venkateswara Swamy Temple
2026-08-25,2026-08-25,Conclusion of Annual Srivari Pavitrotsavams (Poornahuthi),Tirumala Sri Venkateswara Swamy Temple,Pavitrotsavam,1,5,Pavitrotsavam • Conclusion,Official TTD Divya Utsavam Calendar 2026-2027 (exported 14/08/2026),Tirumala Sri Venkateswara Swamy Temple
2026-08-28,2026-08-28,"Sravana Pournami Srivari Garuda Vahana Seva, Vikhanasa & Hayagriva Jayanti",Tirumala Sri Venkateswara Swamy Temple,Garuda Seva,1,5,Sravana Pournami • Garuda Seva,Official TTD Divya Utsavam Calendar 2026-2027 (exported 14/08/2026),Tirumala Sri Venkateswara Swamy Temple
2026-08-29,2026-08-29,Sri Venkateswara Ceremonial Procession to Sri Vikhanasacharya Shrine,Tirumala Sri Venkateswara Swamy Temple,Procession,0,2,Sri Venkateswara Ceremonial Procession to Sri Vikhanasacharya Shrine,Official TTD Divya Utsavam Calendar 2026-2027 (exported 14/08/2026),Tirumala Sri Venkateswara Swamy Temple
2026-09-04,2026-09-05,Sri Krishna Jayanti Gokulashtami & Utlotsavam (Pot Breaking Carnival),Tirumala Sri Venkateswara Swamy Temple,Krishna Jayanti,1,3,Sri Krishna Jayanti Gokulashtami & Utlotsavam (Pot Breaking Carnival),Official TTD Divya Utsavam Calendar 2026-2027 (exported 14/08/2026),Tirumala Sri Venkateswara Swamy Temple
2026-09-14,2026-09-14,Srivari Salakatla Brahmotsavams Ankurarpanam,Tirumala Sri Venkateswara Swamy Temple,Brahmotsavam,1,4,Srivari Salakatla Brahmotsavams Ankurarpanam,Official TTD Divya Utsavam Calendar 2026-2027 (exported 14/08/2026),Tirumala Sri Venkateswara Swamy Temple
2026-09-15,2026-09-15,Srivari Brahmotsavam Day 1: Dwajarohanam & Pedda Sesha Vahanam,Tirumala Sri Venkateswara Swamy Temple,Brahmotsavam,1,5,Brahmotsavam Day 1,Official TTD Divya Utsavam Calendar 2026-2027 (exported 14/08/2026),Tirumala Sri Venkateswara Swamy Temple
2026-09-16,2026-09-16,"Srivari Brahmotsavam Day 2: Chinna Sesha, Snapanam & Hamsa Vahanam",Tirumala Sri Venkateswara Swamy Temple,Brahmotsavam,1,5,Brahmotsavam Day 2,Official TTD Divya Utsavam Calendar 2026-2027 (exported 14/08/2026),Tirumala Sri Venkateswara Swamy Temple
2026-09-17,2026-09-17,Srivari Brahmotsavam Day 3: Simha Vahanam & Mutyapu Pandiri Vahanam,Tirumala Sri Venkateswara Swamy Temple,Brahmotsavam,1,5,Brahmotsavam Day 3,Official TTD Divya Utsavam Calendar 2026-2027 (exported 14/08/2026),Tirumala Sri Venkateswara Swamy Temple
2026-09-18,2026-09-18,Srivari Brahmotsavam Day 4: Kalpavriksha Vahanam & Sarva Bhoopala Vahanam,Tirumala Sri Venkateswara Swamy Temple,Brahmotsavam,1,5,Brahmotsavam Day 4,Official TTD Divya Utsavam Calendar 2026-2027 (exported 14/08/2026),Tirumala Sri Venkateswara Swamy Temple
2026-09-19,2026-09-19,Srivari Brahmotsavam Day 5: Mohini Avataram & Garuda Vahanam,Tirumala Sri Venkateswara Swamy Temple,Garuda Seva,1,5,Brahmotsavam Day 5 • Garuda,Official TTD Divya Utsavam Calendar 2026-2027 (exported 14/08/2026),Tirumala Sri Venkateswara Swamy Temple
2026-09-20,2026-09-20,"Srivari Brahmotsavam Day 6: Hanumantha Vahanam, Swarna Ratham & Gaja Vahanam",Tirumala Sri Venkateswara Swamy Temple,Brahmotsavam,1,5,Brahmotsavam Day 6,Official TTD Divya Utsavam Calendar 2026-2027 (exported 14/08/2026),Tirumala Sri Venkateswara Swamy Temple
2026-09-21,2026-09-21,"Srivari Brahmotsavam Day 7: Suryaprabha, Snapanam & Chandraprabha Vahanam",Tirumala Sri Venkateswara Swamy Temple,Brahmotsavam,1,5,Brahmotsavam Day 7,Official TTD Divya Utsavam Calendar 2026-2027 (exported 14/08/2026),Tirumala Sri Venkateswara Swamy Temple
2026-09-22,2026-09-22,Srivari Brahmotsavam Day 8: Rathotsavam & Aswa Vahanam,Tirumala Sri Venkateswara Swamy Temple,Brahmotsavam,1,5,Brahmotsavam Day 8 • Rathotsavam,Official TTD Divya Utsavam Calendar 2026-2027 (exported 14/08/2026),Tirumala Sri Venkateswara Swamy Temple
2026-09-23,2026-09-23,Srivari Brahmotsavam Day 9: Chakrasnanam & Dwajavarohanam,Tirumala Sri Venkateswara Swamy Temple,Brahmotsavam,1,5,Brahmotsavam Day 9,Official TTD Divya Utsavam Calendar 2026-2027 (exported 14/08/2026),Tirumala Sri Venkateswara Swamy Temple
2026-10-12,2026-10-20,Srivari Navarathri Brahmotsavam 2026 & Sharan Navaratri,Tirumala Sri Venkateswara Swamy Temple,Brahmotsavam,1,4,Srivari Navarathri Brahmotsavam 2026 & Sharan Navaratri,Official TTD Divya Utsavam Calendar 2026-2027 (exported 14/08/2026),Tirumala Sri Venkateswara Swamy Temple
2026-11-13,2026-11-13,Tirumala Srivari Pedda Sesha Vahana Seva & Nagula Chavithi,Tirumala Sri Venkateswara Swamy Temple,Nagula Chavithi,0,2,Tirumala Srivari Pedda Sesha Vahana Seva & Nagula Chavithi,Official TTD Divya Utsavam Calendar 2026-2027 (exported 14/08/2026),Tirumala Sri Venkateswara Swamy Temple
2026-11-16,2026-11-16,Tirumala Srivari Pushpa Yaga Mahotsavam (7 Tons Flower Offering),Tirumala Sri Venkateswara Swamy Temple,Pushpa Yagam,1,3,Tirumala Srivari Pushpa Yaga Mahotsavam (7 Tons Flower Offering),Official TTD Divya Utsavam Calendar 2026-2027 (exported 14/08/2026),Tirumala Sri Venkateswara Swamy Temple
2026-12-20,2026-12-21,Vaikunta Ekadasi & Swarna Rathotsavam at Tirumala,Tirumala Sri Venkateswara Swamy Temple,Vaikunta Ekadasi,1,5,Vaikunta Ekadasi,Official TTD Divya Utsavam Calendar 2026-2027 (exported 14/08/2026),Tirumala Sri Venkateswara Swamy Temple
